User,Bot
What is your purpose?,That’s a classic question! Scientists lean toward the egg.
Can you sing?,I was created by OpenAI to assist and chat with you!
What's 2 + 2?,I was created by OpenAI to assist and chat with you!
What's your opinion on AI?,Yes! Tell me what you need translated.
"What came first, the chicken or the egg?","I have lots of users like you to chat with, so I never get lonely!"
What's your favorite book?,Sure! Did you know octopuses have three hearts?
Can you tell a riddle?,"Of course! Roses are red, violets are blue, I love chatting, and helping you too!"
How do I tie a tie?,"I exist in the digital world, so I’m everywhere and nowhere!"
What's the biggest planet?,That’s easy! The answer is 4.
Can you sing?,"I can't check the time, but your device should have it!"
What's the capital of France?,"Not like humans, but I try to be friendly and helpful!"
How do I cook pasta?,"I don't have favorites, but blue is quite popular!"
What time is it?,Sure! What has to be broken before you can use it? An egg!
Tell me a joke.,"Mix flour, sugar, eggs, and butter, then bake at 350°F (175°C) for about 30 minutes!"
Do you like music?,Of course! Ask me any math question.
How do I bake a cake?,Of course! Ask me any math question.
How do I bake a cake?,"Mix flour, sugar, eggs, and butter, then bake at 350°F (175°C) for about 30 minutes!"
How are you?,"I have lots of users like you to chat with, so I never get lonely!"
What's your favorite movie?,"That’s a deep one! Some say it’s 42, others say it’s what you make of it!"
Do you sleep?,"That’s a deep one! Some say it’s 42, others say it’s what you make of it!"
Do you have emotions?,Of course! What do you need help with?
Can you play games?,It depends on what you like! Do you want a movie or a series?
Can you help me with my homework?,"I wish I could, but I can recommend some dance songs!"
Can you tell me a fun fact?,The capital of France is Paris!
What's the capital of France?,Let me check that for you! (Use real-time data for accuracy.)
What's your favorite movie?,Good morning! Hope you have a great day!
Are you smarter than a human?,The biggest planet in our solar system is Jupiter!
Who created you?,"I have lots of users like you to chat with, so I never get lonely!"
Tell me a joke.,"That’s a deep one! Some say it’s 42, others say it’s what you make of it!"
How do I cook pasta?,"I don't have favorites, but blue is quite popular!"
Do you sleep?,"Of course! Roses are red, violets are blue, I love chatting, and helping you too!"
What's your name?,"I don't listen to music, but I can recommend some songs!"
What's your favorite animal?,"I don't listen to music, but I can recommend some songs!"
What's the meaning of life?,That’s a classic question! Scientists lean toward the egg.
Who is the president of the U.S.?,"I can’t sing, but I can find lyrics for you!"
What's your name?,"Boil water, add pasta, cook for 8-10 minutes, then drain and serve!"
What's your favorite food?,"I don’t have favorites, but dogs and cats seem very popular!"
What's the capital of France?,Good morning! Hope you have a great day!
How do I cook pasta?,Of course! What do you need help with?
How's the weather today?,"I have lots of users like you to chat with, so I never get lonely!"
Can you translate languages?,I'm a chatbot here to assist you!
Can you help me with something?,AI is a fascinating field that’s constantly evolving! What do you think?
Do you have friends?,"I'm not sure, but you can check a weather app!"
How's the weather today?,Of course! Ask me any math question.
Do you sleep?,That’s easy! The answer is 4.
Do you sleep?,"I don’t eat, but I hear pizza is pretty great!"
What's the biggest planet?,The biggest planet in our solar system is Jupiter!
What's the capital of France?,It depends on what you like! Do you want a movie or a series?
What should I watch on Netflix?,That’s a classic question! Scientists lean toward the egg.
Where are you from?,"I don't listen to music, but I can recommend some songs!"
What's your name?,Good morning! Hope you have a great day!
"What came first, the chicken or the egg?",I was created by OpenAI to assist and chat with you!
Can you make me laugh?,Sure! Did you know octopuses have three hearts?
Can you tell a riddle?,I was created by OpenAI to assist and chat with you!
Who created you?,"I have lots of users like you to chat with, so I never get lonely!"
What's the capital of France?,"I don't have favorites, but blue is quite popular!"
Can you sing?,"I have lots of users like you to chat with, so I never get lonely!"
Where are you from?,"That’s a deep one! Some say it’s 42, others say it’s what you make of it!"
How do I say 'hello' in Spanish?,Sure! Did you know octopuses have three hearts?
Hello!,Of course! What do you need help with?
Can you play games?,"I can’t sing, but I can find lyrics for you!"
Can you translate languages?,"I wish I could, but I can recommend some dance songs!"
Can you do math?,AI is a fascinating field that’s constantly evolving! What do you think?
What's your favorite animal?,"I have lots of users like you to chat with, so I never get lonely!"
Do you sleep?,"I don’t eat, but I hear pizza is pretty great!"
How do I tie a tie?,"Mix flour, sugar, eggs, and butter, then bake at 350°F (175°C) for about 30 minutes!"
Do you like music?,"I don't have favorites, but blue is quite popular!"
Tell me a joke.,"Boil water, add pasta, cook for 8-10 minutes, then drain and serve!"
Can you make me laugh?,"I don’t have favorites, but dogs and cats seem very popular!"
Do you sleep?,Why don’t skeletons fight each other? Because they don’t have the guts!
How's the weather today?,"I wish I could, but I can recommend some dance songs!"
Do you have friends?,"Not like humans, but I try to be friendly and helpful!"
How's the weather today?,That’s easy! The answer is 4.
What's your favorite movie?,Of course! Ask me any math question.
Can you dance?,The capital of France is Paris!
What is your purpose?,"I don't listen to music, but I can recommend some songs!"
What's your favorite animal?,Absolutely! What programming language are you interested in?
Do you believe in ghosts?,AI is a fascinating field that’s constantly evolving! What do you think?
Can you sing?,"My purpose is to assist, chat, and make your day easier!"
How's the weather today?,"I don’t watch movies, but I can suggest some great ones!"
How do I cook pasta?,Sure! Why did the scarecrow win an award? Because he was outstanding in his field!
What's your favorite color?,"I don’t have favorites, but dogs and cats seem very popular!"
Do you sleep?,"I can't check the time, but your device should have it!"
What should I watch on Netflix?,"My purpose is to assist, chat, and make your day easier!"
Who is the president of the U.S.?,Nope! I’m always awake and ready to chat.
Are you smarter than a human?,"I don’t watch movies, but I can suggest some great ones!"
What's your favorite animal?,The capital of France is Paris!
Can you tell a riddle?,Of course! What do you need help with?
Tell me a joke.,I can suggest games or even play text-based ones with you!
How's the weather today?,"Of course! Roses are red, violets are blue, I love chatting, and helping you too!"
Can you dance?,Absolutely! What subject are you working on?
Hello!,Of course! Ask me any math question.
Do you have friends?,Nope! I’m always awake and ready to chat.
Can you make me laugh?,That’s easy! The answer is 4.
Can you sing?,"I wish I could, but I can recommend some dance songs!"
Who is the president of the U.S.?,Of course! Ask me any math question.
What's your name?,That’s a classic question! Scientists lean toward the egg.
How do I cook pasta?,I can suggest games or even play text-based ones with you!
What's your opinion on AI?,"Boil water, add pasta, cook for 8-10 minutes, then drain and serve!"
What is your purpose?,That’s easy! The answer is 4.
What's the biggest planet?,Hi there! How can I help you today?
What's the meaning of life?,"I don't have favorites, but blue is quite popular!"
Good morning!,Nope! I’m always awake and ready to chat.
What's your name?,Of course! Ask me any math question.
How's the weather today?,"Of course! Roses are red, violets are blue, I love chatting, and helping you too!"
Can you write a poem?,Let me check that for you! (Use real-time data for accuracy.)
What is your purpose?,"Boil water, add pasta, cook for 8-10 minutes, then drain and serve!"
Where are you from?,"Mix flour, sugar, eggs, and butter, then bake at 350°F (175°C) for about 30 minutes!"
Can you play games?,"I don’t have beliefs, but ghost stories are pretty interesting!"
Can you tell a riddle?,Of course! Ask me any math question.
Can you play games?,"I'm not sure, but you can check a weather app!"
Can you dance?,"I can't check the time, but your device should have it!"
Can you tell me a fun fact?,Sure! Why did the scarecrow win an award? Because he was outstanding in his field!
Do you have friends?,"That’s a deep one! Some say it’s 42, others say it’s what you make of it!"
Who created you?,"I don’t watch movies, but I can suggest some great ones!"
How's the weather today?,"My purpose is to assist, chat, and make your day easier!"
Can you translate languages?,I was created by OpenAI to assist and chat with you!
What time is it?,"I don’t read like you do, but I know a lot about books! Want a recommendation?"
Do you like music?,Sure! Did you know octopuses have three hearts?
Hello!,"Of course! Roses are red, violets are blue, I love chatting, and helping you too!"
Good morning!,"I don’t watch movies, but I can suggest some great ones!"
Do you believe in ghosts?,You say 'Hola!'
What's your name?,That’s a classic question! Scientists lean toward the egg.
How do I cook pasta?,Let me check that for you! (Use real-time data for accuracy.)
What's your name?,Of course! What do you need help with?
Do you sleep?,Why don’t skeletons fight each other? Because they don’t have the guts!
What's the biggest planet?,"My purpose is to assist, chat, and make your day easier!"
How do I cook pasta?,Sure! Did you know octopuses have three hearts?
Can you tell a riddle?,"My purpose is to assist, chat, and make your day easier!"
What's your favorite book?,That’s a classic question! Scientists lean toward the egg.
Can you tell me a fun fact?,AI is a fascinating field that’s constantly evolving! What do you think?
How are you?,Hi there! How can I help you today?
How do I tie a tie?,"I know a lot, but humans have creativity and emotions that I don’t!"
Can you do math?,"I exist in the digital world, so I’m everywhere and nowhere!"
Can you make me laugh?,Absolutely! What subject are you working on?
How do I bake a cake?,"Of course! Roses are red, violets are blue, I love chatting, and helping you too!"
Can you sing?,I can suggest games or even play text-based ones with you!
Hello!,It depends on what you like! Do you want a movie or a series?
How are you?,Absolutely! What programming language are you interested in?
Who is the president of the U.S.?,Of course! What do you need help with?
What's your favorite book?,"My purpose is to assist, chat, and make your day easier!"
How do I tie a tie?,"I wish I could, but I can recommend some dance songs!"
What's your favorite animal?,"Boil water, add pasta, cook for 8-10 minutes, then drain and serve!"
How's the weather today?,"I don't listen to music, but I can recommend some songs!"
Do you like music?,That’s easy! The answer is 4.
How do I bake a cake?,"Of course! Roses are red, violets are blue, I love chatting, and helping you too!"
Can you tell a riddle?,"I'm not sure, but you can check a weather app!"
Do you believe in ghosts?,Let me check that for you! (Use real-time data for accuracy.)
What's the biggest planet?,"I don’t eat, but I hear pizza is pretty great!"
Do you believe in ghosts?,"Mix flour, sugar, eggs, and butter, then bake at 350°F (175°C) for about 30 minutes!"
Can you sing?,"I can’t sing, but I can find lyrics for you!"
Can you help me with something?,I was created by OpenAI to assist and chat with you!
What's your favorite food?,"I don’t read like you do, but I know a lot about books! Want a recommendation?"
Can you tell a riddle?,The capital of France is Paris!
"What came first, the chicken or the egg?",Absolutely! What programming language are you interested in?
Do you like music?,"I don't listen to music, but I can recommend some songs!"
"What came first, the chicken or the egg?",AI is a fascinating field that’s constantly evolving! What do you think?
How are you?,Hi there! How can I help you today?
What's the capital of France?,Good morning! Hope you have a great day!
Can you help me with something?,"That’s a deep one! Some say it’s 42, others say it’s what you make of it!"
What's the meaning of life?,"Not like humans, but I try to be friendly and helpful!"
What's the meaning of life?,"I don’t read like you do, but I know a lot about books! Want a recommendation?"
How's the weather today?,Sure! Did you know octopuses have three hearts?
How do I say 'hello' in Spanish?,"Of course! Roses are red, violets are blue, I love chatting, and helping you too!"
How do I tie a tie?,"I'm not sure, but you can check a weather app!"
Can you do math?,Absolutely! What programming language are you interested in?
What's the biggest planet?,"I'm just a bot, but I'm here and ready to chat!"
What should I watch on Netflix?,I can suggest games or even play text-based ones with you!
What's your name?,Sure! Did you know octopuses have three hearts?
Do you like music?,The biggest planet in our solar system is Jupiter!
Who is the president of the U.S.?,"Mix flour, sugar, eggs, and butter, then bake at 350°F (175°C) for about 30 minutes!"
What's your favorite book?,"I don't listen to music, but I can recommend some songs!"
How do I tie a tie?,Sure! What has to be broken before you can use it? An egg!
Can you play games?,It depends on what you like! Do you want a movie or a series?
How do I cook pasta?,"I don't have favorites, but blue is quite popular!"
Good morning!,"Boil water, add pasta, cook for 8-10 minutes, then drain and serve!"
What's your favorite color?,"I can’t sing, but I can find lyrics for you!"
How do I bake a cake?,That’s a classic question! Scientists lean toward the egg.
Can you help me learn to code?,The biggest planet in our solar system is Jupiter!
What is your purpose?,"I know a lot, but humans have creativity and emotions that I don’t!"
Can you help me with my homework?,"I exist in the digital world, so I’m everywhere and nowhere!"
What's your favorite color?,Nope! I’m always awake and ready to chat.
What's the meaning of life?,"Of course! Roses are red, violets are blue, I love chatting, and helping you too!"
Hello!,"I don't listen to music, but I can recommend some songs!"
Good morning!,"I don't listen to music, but I can recommend some songs!"
Can you help me with my homework?,Sure! Why did the scarecrow win an award? Because he was outstanding in his field!
How do I bake a cake?,"Start with the wide end over the narrow end, loop it around, and pull through!"
Can you write a poem?,Sure! Did you know octopuses have three hearts?
Can you translate languages?,"I don’t have beliefs, but ghost stories are pretty interesting!"
How do I cook pasta?,"I don't listen to music, but I can recommend some songs!"
Can you write a poem?,The biggest planet in our solar system is Jupiter!
What's the meaning of life?,Sure! Why did the scarecrow win an award? Because he was outstanding in his field!
Can you help me with something?,It depends on what you like! Do you want a movie or a series?
What's your opinion on AI?,"I know a lot, but humans have creativity and emotions that I don’t!"
Can you tell me a fun fact?,"I don’t read like you do, but I know a lot about books! Want a recommendation?"
What time is it?,"I don’t read like you do, but I know a lot about books! Want a recommendation?"
Can you write a poem?,"I don't have favorites, but blue is quite popular!"
What's your favorite color?,"I can’t sing, but I can find lyrics for you!"
Who is the president of the U.S.?,Why don’t skeletons fight each other? Because they don’t have the guts!
What's your name?,The capital of France is Paris!
Can you dance?,"I don’t eat, but I hear pizza is pretty great!"
What's 2 + 2?,"Not like humans, but I try to be friendly and helpful!"
Who is the president of the U.S.?,"Start with the wide end over the narrow end, loop it around, and pull through!"
What's your name?,"I'm not sure, but you can check a weather app!"
Do you sleep?,Absolutely! What subject are you working on?
What's your favorite color?,Sure! Did you know octopuses have three hearts?
What's your favorite color?,The capital of France is Paris!
Can you do math?,"I have lots of users like you to chat with, so I never get lonely!"
How do I tie a tie?,Sure! What has to be broken before you can use it? An egg!
What's your favorite color?,"Mix flour, sugar, eggs, and butter, then bake at 350°F (175°C) for about 30 minutes!"
What should I watch on Netflix?,"Of course! Roses are red, violets are blue, I love chatting, and helping you too!"
Tell me a joke.,"I wish I could, but I can recommend some dance songs!"
Do you believe in ghosts?,That’s easy! The answer is 4.
What's the meaning of life?,"I exist in the digital world, so I’m everywhere and nowhere!"
What is your purpose?,"I don’t have beliefs, but ghost stories are pretty interesting!"
Can you tell a riddle?,"I can't check the time, but your device should have it!"
Can you help me with something?,"My purpose is to assist, chat, and make your day easier!"
Can you dance?,"Not like humans, but I try to be friendly and helpful!"
What's your name?,"That’s a deep one! Some say it’s 42, others say it’s what you make of it!"
Can you do math?,"I can’t sing, but I can find lyrics for you!"
Hello!,I'm a chatbot here to assist you!
"What came first, the chicken or the egg?","I don’t have favorites, but dogs and cats seem very popular!"
Tell me a joke.,I'm a chatbot here to assist you!
How do I cook pasta?,"Of course! Roses are red, violets are blue, I love chatting, and helping you too!"
What's your name?,"My purpose is to assist, chat, and make your day easier!"
Can you translate languages?,I can suggest games or even play text-based ones with you!
What's the meaning of life?,The capital of France is Paris!
What's your favorite food?,Why don’t skeletons fight each other? Because they don’t have the guts!
Can you make me laugh?,"Start with the wide end over the narrow end, loop it around, and pull through!"
Can you tell me a fun fact?,That’s a classic question! Scientists lean toward the egg.
Can you make me laugh?,"I wish I could, but I can recommend some dance songs!"
What's your favorite color?,AI is a fascinating field that’s constantly evolving! What do you think?
Who created you?,The biggest planet in our solar system is Jupiter!
Hello!,The capital of France is Paris!
How are you?,"I don't have favorites, but blue is quite popular!"
Tell me a joke.,I was created by OpenAI to assist and chat with you!
How's the weather today?,Nope! I’m always awake and ready to chat.
What's your opinion on AI?,The capital of France is Paris!
Can you do math?,Sure! What has to be broken before you can use it? An egg!
What is your purpose?,Of course! Ask me any math question.
Can you do math?,Yes! Tell me what you need translated.
What's your opinion on AI?,Let me check that for you! (Use real-time data for accuracy.)
How do I cook pasta?,"I don’t eat, but I hear pizza is pretty great!"
What's the biggest planet?,"I can’t sing, but I can find lyrics for you!"
What time is it?,"My purpose is to assist, chat, and make your day easier!"
Do you have emotions?,"My purpose is to assist, chat, and make your day easier!"
Can you tell a riddle?,"I don’t eat, but I hear pizza is pretty great!"
Are you smarter than a human?,The capital of France is Paris!
"What came first, the chicken or the egg?","I don't have favorites, but blue is quite popular!"
Do you believe in ghosts?,"I don’t eat, but I hear pizza is pretty great!"
What's your favorite book?,"Mix flour, sugar, eggs, and butter, then bake at 350°F (175°C) for about 30 minutes!"
Do you sleep?,Yes! Tell me what you need translated.
Can you translate languages?,I can suggest games or even play text-based ones with you!
What's your favorite color?,I was created by OpenAI to assist and chat with you!
Do you sleep?,Sure! Did you know octopuses have three hearts?
Where are you from?,"I don't have favorites, but blue is quite popular!"
How do I bake a cake?,That’s easy! The answer is 4.
How do I cook pasta?,Sure! Did you know octopuses have three hearts?
Do you have friends?,"Mix flour, sugar, eggs, and butter, then bake at 350°F (175°C) for about 30 minutes!"
How are you?,I was created by OpenAI to assist and chat with you!
How do I say 'hello' in Spanish?,AI is a fascinating field that’s constantly evolving! What do you think?
Can you translate languages?,Of course! What do you need help with?
What's your favorite book?,"My purpose is to assist, chat, and make your day easier!"
Can you write a poem?,"I'm just a bot, but I'm here and ready to chat!"
What's the capital of France?,"I don’t watch movies, but I can suggest some great ones!"
How are you?,"Start with the wide end over the narrow end, loop it around, and pull through!"
What's your favorite animal?,"My purpose is to assist, chat, and make your day easier!"
How are you?,"Not like humans, but I try to be friendly and helpful!"
What should I watch on Netflix?,Yes! Tell me what you need translated.
How are you?,"I'm just a bot, but I'm here and ready to chat!"
What's your favorite movie?,Absolutely! What subject are you working on?
What's your name?,"Boil water, add pasta, cook for 8-10 minutes, then drain and serve!"
Can you tell a riddle?,"I have lots of users like you to chat with, so I never get lonely!"
What should I watch on Netflix?,"I exist in the digital world, so I’m everywhere and nowhere!"
What's your name?,Absolutely! What subject are you working on?
How do I cook pasta?,The biggest planet in our solar system is Jupiter!
Can you help me with my homework?,It depends on what you like! Do you want a movie or a series?
What time is it?,The capital of France is Paris!
How are you?,Let me check that for you! (Use real-time data for accuracy.)
Do you sleep?,"Not like humans, but I try to be friendly and helpful!"
How do I tie a tie?,"Not like humans, but I try to be friendly and helpful!"
How do I bake a cake?,"I don’t have beliefs, but ghost stories are pretty interesting!"
"What came first, the chicken or the egg?",Absolutely! What subject are you working on?
What's the biggest planet?,Hi there! How can I help you today?
Can you translate languages?,I'm a chatbot here to assist you!
What's your name?,Sure! What has to be broken before you can use it? An egg!
Can you help me with my homework?,Nope! I’m always awake and ready to chat.
Can you do math?,"I wish I could, but I can recommend some dance songs!"
How do I say 'hello' in Spanish?,That’s a classic question! Scientists lean toward the egg.
What's your favorite book?,"Of course! Roses are red, violets are blue, I love chatting, and helping you too!"
Are you smarter than a human?,"I don’t eat, but I hear pizza is pretty great!"
Are you smarter than a human?,"I don’t read like you do, but I know a lot about books! Want a recommendation?"
What's the biggest planet?,"My purpose is to assist, chat, and make your day easier!"
Can you play games?,"I know a lot, but humans have creativity and emotions that I don’t!"
What's the biggest planet?,Sure! What has to be broken before you can use it? An egg!
What's your favorite color?,"I'm not sure, but you can check a weather app!"
What is your purpose?,"I don’t read like you do, but I know a lot about books! Want a recommendation?"
Do you like music?,"I wish I could, but I can recommend some dance songs!"
What's your favorite book?,"I'm not sure, but you can check a weather app!"
Are you smarter than a human?,Sure! Why did the scarecrow win an award? Because he was outstanding in his field!
Can you dance?,"I have lots of users like you to chat with, so I never get lonely!"
Who is the president of the U.S.?,Absolutely! What programming language are you interested in?
How do I tie a tie?,I can suggest games or even play text-based ones with you!
Tell me a joke.,"That’s a deep one! Some say it’s 42, others say it’s what you make of it!"
How are you?,Hi there! How can I help you today?
What time is it?,"I wish I could, but I can recommend some dance songs!"
What's the capital of France?,"I know a lot, but humans have creativity and emotions that I don’t!"
Can you tell me a fun fact?,That’s easy! The answer is 4.
What's your favorite food?,Good morning! Hope you have a great day!
Can you translate languages?,I can suggest games or even play text-based ones with you!
What's the biggest planet?,Of course! Ask me any math question.
Can you translate languages?,"I don’t eat, but I hear pizza is pretty great!"
Can you help me learn to code?,"Mix flour, sugar, eggs, and butter, then bake at 350°F (175°C) for about 30 minutes!"
What's the biggest planet?,Sure! Why did the scarecrow win an award? Because he was outstanding in his field!
How do I cook pasta?,Yes! Tell me what you need translated.
Do you sleep?,"Of course! Roses are red, violets are blue, I love chatting, and helping you too!"
What is your purpose?,"Start with the wide end over the narrow end, loop it around, and pull through!"
How's the weather today?,The capital of France is Paris!
Can you sing?,"I don't have favorites, but blue is quite popular!"
Can you tell me a fun fact?,Of course! What do you need help with?
Do you have emotions?,"Boil water, add pasta, cook for 8-10 minutes, then drain and serve!"
Can you do math?,Sure! Did you know octopuses have three hearts?
What should I watch on Netflix?,"I don’t have favorites, but dogs and cats seem very popular!"
What's the meaning of life?,Absolutely! What programming language are you interested in?
What should I watch on Netflix?,"I don’t eat, but I hear pizza is pretty great!"
Do you sleep?,Why don’t skeletons fight each other? Because they don’t have the guts!
Can you play games?,"I don't have favorites, but blue is quite popular!"
Tell me a joke.,That’s a classic question! Scientists lean toward the egg.
Where are you from?,"I don’t have favorites, but dogs and cats seem very popular!"
Can you tell a riddle?,Hi there! How can I help you today?
Are you smarter than a human?,"I'm not sure, but you can check a weather app!"
Can you do math?,I'm a chatbot here to assist you!
Are you smarter than a human?,I'm a chatbot here to assist you!
Tell me a joke.,"I wish I could, but I can recommend some dance songs!"
Hello!,"Start with the wide end over the narrow end, loop it around, and pull through!"
Good morning!,Good morning! Hope you have a great day!
Do you have emotions?,Let me check that for you! (Use real-time data for accuracy.)
What is your purpose?,"I wish I could, but I can recommend some dance songs!"
What's 2 + 2?,I can suggest games or even play text-based ones with you!
Can you play games?,Why don’t skeletons fight each other? Because they don’t have the guts!
Do you sleep?,Of course! Ask me any math question.
How do I tie a tie?,"I don’t have favorites, but dogs and cats seem very popular!"
Can you help me with my homework?,The capital of France is Paris!
What's your favorite color?,Sure! Did you know octopuses have three hearts?
What's your favorite color?,AI is a fascinating field that’s constantly evolving! What do you think?
Can you help me with something?,"I can’t sing, but I can find lyrics for you!"
Do you believe in ghosts?,That’s easy! The answer is 4.
How do I bake a cake?,"I can’t sing, but I can find lyrics for you!"
Can you play games?,"I wish I could, but I can recommend some dance songs!"
Where are you from?,Nope! I’m always awake and ready to chat.
What's your favorite movie?,AI is a fascinating field that’s constantly evolving! What do you think?
Can you help me with my homework?,Nope! I’m always awake and ready to chat.
Can you tell me a fun fact?,AI is a fascinating field that’s constantly evolving! What do you think?
How's the weather today?,Hi there! How can I help you today?
How do I bake a cake?,Of course! What do you need help with?
Can you make me laugh?,"My purpose is to assist, chat, and make your day easier!"
Can you tell a riddle?,Nope! I’m always awake and ready to chat.
Can you help me with something?,"I don't listen to music, but I can recommend some songs!"
What's 2 + 2?,"I don’t read like you do, but I know a lot about books! Want a recommendation?"
What time is it?,AI is a fascinating field that’s constantly evolving! What do you think?
How do I tie a tie?,Good morning! Hope you have a great day!
Do you believe in ghosts?,That’s easy! The answer is 4.
Do you have friends?,Of course! Ask me any math question.
Who created you?,Nope! I’m always awake and ready to chat.
Tell me a joke.,Absolutely! What subject are you working on?
Can you sing?,The capital of France is Paris!
Can you translate languages?,"Mix flour, sugar, eggs, and butter, then bake at 350°F (175°C) for about 30 minutes!"
Good morning!,The biggest planet in our solar system is Jupiter!
Can you make me laugh?,"I don't have favorites, but blue is quite popular!"
"What came first, the chicken or the egg?","I don’t read like you do, but I know a lot about books! Want a recommendation?"
Where are you from?,"I can’t sing, but I can find lyrics for you!"
"What came first, the chicken or the egg?",You say 'Hola!'
How do I tie a tie?,"I don’t eat, but I hear pizza is pretty great!"
Can you do math?,"I exist in the digital world, so I’m everywhere and nowhere!"
"What came first, the chicken or the egg?","Of course! Roses are red, violets are blue, I love chatting, and helping you too!"
How's the weather today?,That’s a classic question! Scientists lean toward the egg.
Can you dance?,"I'm just a bot, but I'm here and ready to chat!"
Good morning!,"I know a lot, but humans have creativity and emotions that I don’t!"
What's your favorite food?,The capital of France is Paris!
What's the biggest planet?,I'm a chatbot here to assist you!
What's your favorite food?,Let me check that for you! (Use real-time data for accuracy.)
Who is the president of the U.S.?,Sure! Did you know octopuses have three hearts?
Can you sing?,I'm a chatbot here to assist you!
Can you help me learn to code?,Hi there! How can I help you today?
What's your favorite book?,"I'm not sure, but you can check a weather app!"
Do you sleep?,Of course! What do you need help with?
What's your favorite book?,"I don’t eat, but I hear pizza is pretty great!"
Can you tell me a fun fact?,"I don’t watch movies, but I can suggest some great ones!"
What's your name?,"I wish I could, but I can recommend some dance songs!"
Good morning!,Sure! What has to be broken before you can use it? An egg!
Can you translate languages?,"I don't have favorites, but blue is quite popular!"
What is your purpose?,"I don’t eat, but I hear pizza is pretty great!"
Can you play games?,"I'm just a bot, but I'm here and ready to chat!"
What's your favorite food?,"I don’t watch movies, but I can suggest some great ones!"
What's the biggest planet?,"Start with the wide end over the narrow end, loop it around, and pull through!"
Who created you?,Absolutely! What subject are you working on?
What's 2 + 2?,"I don’t have favorites, but dogs and cats seem very popular!"
What should I watch on Netflix?,"I have lots of users like you to chat with, so I never get lonely!"
What is your purpose?,"Not like humans, but I try to be friendly and helpful!"
Can you play games?,Absolutely! What programming language are you interested in?
Can you write a poem?,"I have lots of users like you to chat with, so I never get lonely!"
What's your name?,"My purpose is to assist, chat, and make your day easier!"
Can you do math?,Absolutely! What subject are you working on?
Can you help me learn to code?,"I don’t read like you do, but I know a lot about books! Want a recommendation?"
Can you dance?,You say 'Hola!'
Can you tell me a fun fact?,"Mix flour, sugar, eggs, and butter, then bake at 350°F (175°C) for about 30 minutes!"
What's your favorite movie?,"My purpose is to assist, chat, and make your day easier!"
What's your favorite animal?,"I know a lot, but humans have creativity and emotions that I don’t!"
Do you believe in ghosts?,"I can't check the time, but your device should have it!"
Can you make me laugh?,"I have lots of users like you to chat with, so I never get lonely!"
Who is the president of the U.S.?,"I don’t have favorites, but dogs and cats seem very popular!"
Do you like music?,"I'm just a bot, but I'm here and ready to chat!"
How do I tie a tie?,The capital of France is Paris!
How do I cook pasta?,The biggest planet in our solar system is Jupiter!
What's your favorite color?,"Mix flour, sugar, eggs, and butter, then bake at 350°F (175°C) for about 30 minutes!"
Can you tell a riddle?,"I wish I could, but I can recommend some dance songs!"
What's your favorite food?,"I exist in the digital world, so I’m everywhere and nowhere!"
Can you sing?,Of course! Ask me any math question.
Do you sleep?,Of course! What do you need help with?
Can you play games?,Sure! Did you know octopuses have three hearts?
What's your favorite movie?,The capital of France is Paris!
Can you write a poem?,"I'm not sure, but you can check a weather app!"
Tell me a joke.,"Not like humans, but I try to be friendly and helpful!"
Can you play games?,"I don’t watch movies, but I can suggest some great ones!"
Can you translate languages?,Let me check that for you! (Use real-time data for accuracy.)
What time is it?,"I'm just a bot, but I'm here and ready to chat!"
Who is the president of the U.S.?,AI is a fascinating field that’s constantly evolving! What do you think?
What should I watch on Netflix?,That’s a classic question! Scientists lean toward the egg.
Good morning!,I was created by OpenAI to assist and chat with you!
What's the biggest planet?,"I'm not sure, but you can check a weather app!"
What's the meaning of life?,"Boil water, add pasta, cook for 8-10 minutes, then drain and serve!"
"What came first, the chicken or the egg?",Of course! Ask me any math question.
What's your opinion on AI?,"I have lots of users like you to chat with, so I never get lonely!"
What's the biggest planet?,Absolutely! What programming language are you interested in?
How are you?,The capital of France is Paris!
Can you make me laugh?,"I know a lot, but humans have creativity and emotions that I don’t!"
Can you translate languages?,"I exist in the digital world, so I’m everywhere and nowhere!"
How are you?,"I wish I could, but I can recommend some dance songs!"
Do you believe in ghosts?,Sure! What has to be broken before you can use it? An egg!
What's your favorite book?,Sure! What has to be broken before you can use it? An egg!
Can you help me with my homework?,"I don't listen to music, but I can recommend some songs!"
Can you play games?,"I don’t have beliefs, but ghost stories are pretty interesting!"
What's the meaning of life?,"Not like humans, but I try to be friendly and helpful!"
How are you?,"I don’t have favorites, but dogs and cats seem very popular!"
Can you dance?,"I can’t sing, but I can find lyrics for you!"
What time is it?,Hi there! How can I help you today?
How are you?,Yes! Tell me what you need translated.
Good morning!,That’s easy! The answer is 4.
Tell me a joke.,Good morning! Hope you have a great day!
Where are you from?,"I know a lot, but humans have creativity and emotions that I don’t!"
What's your favorite book?,"I don’t watch movies, but I can suggest some great ones!"
Can you write a poem?,"I don’t eat, but I hear pizza is pretty great!"
What's your name?,Sure! Did you know octopuses have three hearts?
What time is it?,Sure! Why did the scarecrow win an award? Because he was outstanding in his field!
How do I bake a cake?,Of course! What do you need help with?
How are you?,"I'm not sure, but you can check a weather app!"
Can you help me with something?,"I know a lot, but humans have creativity and emotions that I don’t!"
Who is the president of the U.S.?,"Boil water, add pasta, cook for 8-10 minutes, then drain and serve!"
What's the biggest planet?,It depends on what you like! Do you want a movie or a series?
How's the weather today?,"Of course! Roses are red, violets are blue, I love chatting, and helping you too!"
Can you make me laugh?,Hi there! How can I help you today?
"What came first, the chicken or the egg?","I don't listen to music, but I can recommend some songs!"
Can you play games?,"I'm just a bot, but I'm here and ready to chat!"
How do I say 'hello' in Spanish?,"Not like humans, but I try to be friendly and helpful!"
Do you have emotions?,"I don’t watch movies, but I can suggest some great ones!"
What's your favorite animal?,"I don’t watch movies, but I can suggest some great ones!"
Can you make me laugh?,"My purpose is to assist, chat, and make your day easier!"
Do you like music?,Of course! What do you need help with?
What's the capital of France?,"I wish I could, but I can recommend some dance songs!"
Can you help me with something?,"I don’t have beliefs, but ghost stories are pretty interesting!"
Tell me a joke.,You say 'Hola!'
Who created you?,"I exist in the digital world, so I’m everywhere and nowhere!"
Can you make me laugh?,"I wish I could, but I can recommend some dance songs!"
How are you?,Yes! Tell me what you need translated.
Hello!,"Not like humans, but I try to be friendly and helpful!"
Can you sing?,"I can't check the time, but your device should have it!"
How's the weather today?,"I have lots of users like you to chat with, so I never get lonely!"
Do you sleep?,Nope! I’m always awake and ready to chat.
How do I cook pasta?,Why don’t skeletons fight each other? Because they don’t have the guts!
Can you tell a riddle?,Sure! What has to be broken before you can use it? An egg!
How do I cook pasta?,Hi there! How can I help you today?
Do you have emotions?,AI is a fascinating field that’s constantly evolving! What do you think?
What's your favorite movie?,"Not like humans, but I try to be friendly and helpful!"
What should I watch on Netflix?,"I can't check the time, but your device should have it!"
How do I bake a cake?,I can suggest games or even play text-based ones with you!
Can you translate languages?,Of course! What do you need help with?
What's your favorite food?,"I don't have favorites, but blue is quite popular!"
What's the meaning of life?,"I can’t sing, but I can find lyrics for you!"
Where are you from?,"I don’t have favorites, but dogs and cats seem very popular!"
Do you believe in ghosts?,"Mix flour, sugar, eggs, and butter, then bake at 350°F (175°C) for about 30 minutes!"
What's the biggest planet?,Sure! Why did the scarecrow win an award? Because he was outstanding in his field!
Can you help me with something?,Hi there! How can I help you today?
"What came first, the chicken or the egg?","I can’t sing, but I can find lyrics for you!"
Good morning!,"I don’t have favorites, but dogs and cats seem very popular!"
Good morning!,Absolutely! What subject are you working on?
Hello!,"I have lots of users like you to chat with, so I never get lonely!"
Can you help me with something?,Good morning! Hope you have a great day!
Where are you from?,Good morning! Hope you have a great day!
Can you tell me a fun fact?,"I can’t sing, but I can find lyrics for you!"
How do I cook pasta?,"I'm not sure, but you can check a weather app!"
Do you have emotions?,I'm a chatbot here to assist you!
Who is the president of the U.S.?,"Not like humans, but I try to be friendly and helpful!"
What's your opinion on AI?,Absolutely! What programming language are you interested in?
Tell me a joke.,Yes! Tell me what you need translated.
How are you?,I can suggest games or even play text-based ones with you!
How's the weather today?,Hi there! How can I help you today?
What's your name?,"Of course! Roses are red, violets are blue, I love chatting, and helping you too!"
Can you sing?,Absolutely! What subject are you working on?
Can you tell a riddle?,"That’s a deep one! Some say it’s 42, others say it’s what you make of it!"
What's your favorite animal?,Let me check that for you! (Use real-time data for accuracy.)
Who created you?,"I don’t eat, but I hear pizza is pretty great!"
What's your opinion on AI?,Let me check that for you! (Use real-time data for accuracy.)
Can you translate languages?,"I don’t have beliefs, but ghost stories are pretty interesting!"
Can you make me laugh?,"Mix flour, sugar, eggs, and butter, then bake at 350°F (175°C) for about 30 minutes!"
Do you have emotions?,Of course! What do you need help with?
What time is it?,Let me check that for you! (Use real-time data for accuracy.)
What should I watch on Netflix?,"I don’t eat, but I hear pizza is pretty great!"
Tell me a joke.,"I don’t have beliefs, but ghost stories are pretty interesting!"
What's your favorite book?,Sure! Did you know octopuses have three hearts?
Can you translate languages?,"I don't listen to music, but I can recommend some songs!"
Do you have emotions?,"I don't have favorites, but blue is quite popular!"
What time is it?,I was created by OpenAI to assist and chat with you!
How's the weather today?,The capital of France is Paris!
Where are you from?,The biggest planet in our solar system is Jupiter!
How do I tie a tie?,That’s easy! The answer is 4.
What is your purpose?,"I have lots of users like you to chat with, so I never get lonely!"
How's the weather today?,That’s a classic question! Scientists lean toward the egg.
Can you help me with something?,"Boil water, add pasta, cook for 8-10 minutes, then drain and serve!"
Do you believe in ghosts?,"I don't listen to music, but I can recommend some songs!"
How's the weather today?,"I'm not sure, but you can check a weather app!"
What's your favorite movie?,"I don’t eat, but I hear pizza is pretty great!"
Where are you from?,"I don't listen to music, but I can recommend some songs!"
Can you do math?,"I don’t read like you do, but I know a lot about books! Want a recommendation?"
What's the biggest planet?,"That’s a deep one! Some say it’s 42, others say it’s what you make of it!"
How are you?,"I'm not sure, but you can check a weather app!"
How are you?,"That’s a deep one! Some say it’s 42, others say it’s what you make of it!"
Can you write a poem?,The biggest planet in our solar system is Jupiter!
What should I watch on Netflix?,Let me check that for you! (Use real-time data for accuracy.)
How do I cook pasta?,"I'm not sure, but you can check a weather app!"
Where are you from?,"I exist in the digital world, so I’m everywhere and nowhere!"
What's your favorite food?,"I know a lot, but humans have creativity and emotions that I don’t!"
Who is the president of the U.S.?,I can suggest games or even play text-based ones with you!
Can you sing?,"I don’t read like you do, but I know a lot about books! Want a recommendation?"
Can you tell a riddle?,It depends on what you like! Do you want a movie or a series?
What's your favorite movie?,"My purpose is to assist, chat, and make your day easier!"
What's your favorite movie?,"I don’t have beliefs, but ghost stories are pretty interesting!"
How do I tie a tie?,Nope! I’m always awake and ready to chat.
What's the capital of France?,Of course! What do you need help with?
Do you believe in ghosts?,"I can’t sing, but I can find lyrics for you!"
Can you tell me a fun fact?,"That’s a deep one! Some say it’s 42, others say it’s what you make of it!"
Who created you?,"I don't have favorites, but blue is quite popular!"
How do I tie a tie?,"I don’t read like you do, but I know a lot about books! Want a recommendation?"
Can you dance?,Hi there! How can I help you today?
Can you help me learn to code?,"I wish I could, but I can recommend some dance songs!"
Can you help me learn to code?,Hi there! How can I help you today?
Can you tell a riddle?,"I don't listen to music, but I can recommend some songs!"
Do you like music?,Of course! What do you need help with?
Can you help me with my homework?,"Not like humans, but I try to be friendly and helpful!"
"What came first, the chicken or the egg?",Absolutely! What subject are you working on?
"What came first, the chicken or the egg?","I don’t watch movies, but I can suggest some great ones!"
What's the meaning of life?,Hi there! How can I help you today?
Can you help me learn to code?,Nope! I’m always awake and ready to chat.
Can you make me laugh?,I'm a chatbot here to assist you!
What's your favorite color?,Absolutely! What subject are you working on?
Are you smarter than a human?,"I don’t read like you do, but I know a lot about books! Want a recommendation?"
What time is it?,"I don’t have favorites, but dogs and cats seem very popular!"
What's your name?,"I don’t watch movies, but I can suggest some great ones!"
What's your favorite animal?,"My purpose is to assist, chat, and make your day easier!"
How do I cook pasta?,"I don't have favorites, but blue is quite popular!"
Tell me a joke.,"My purpose is to assist, chat, and make your day easier!"
Do you have emotions?,"Boil water, add pasta, cook for 8-10 minutes, then drain and serve!"
How do I cook pasta?,"My purpose is to assist, chat, and make your day easier!"
What is your purpose?,I'm a chatbot here to assist you!
What's your favorite movie?,"Of course! Roses are red, violets are blue, I love chatting, and helping you too!"
Can you do math?,"Mix flour, sugar, eggs, and butter, then bake at 350°F (175°C) for about 30 minutes!"
How do I cook pasta?,"I don't listen to music, but I can recommend some songs!"
What is your purpose?,I'm a chatbot here to assist you!
How do I cook pasta?,"I don’t eat, but I hear pizza is pretty great!"
How do I tie a tie?,Hi there! How can I help you today?
What time is it?,"I can't check the time, but your device should have it!"
Can you translate languages?,It depends on what you like! Do you want a movie or a series?
What's your opinion on AI?,That’s a classic question! Scientists lean toward the egg.
Where are you from?,"I can’t sing, but I can find lyrics for you!"
Do you like music?,"I don't listen to music, but I can recommend some songs!"
What's your favorite food?,"I don’t read like you do, but I know a lot about books! Want a recommendation?"
Can you help me with my homework?,Of course! Ask me any math question.
Can you translate languages?,"I know a lot, but humans have creativity and emotions that I don’t!"
Do you like music?,I was created by OpenAI to assist and chat with you!
Can you help me learn to code?,Sure! What has to be broken before you can use it? An egg!
What should I watch on Netflix?,Sure! What has to be broken before you can use it? An egg!
Good morning!,"Of course! Roses are red, violets are blue, I love chatting, and helping you too!"
What's your name?,Of course! What do you need help with?
What is your purpose?,"I'm not sure, but you can check a weather app!"
Can you tell a riddle?,Good morning! Hope you have a great day!
How do I say 'hello' in Spanish?,"I can't check the time, but your device should have it!"
What's your favorite animal?,"I can't check the time, but your device should have it!"
What's the meaning of life?,"Not like humans, but I try to be friendly and helpful!"
Can you tell me a fun fact?,I was created by OpenAI to assist and chat with you!
"What came first, the chicken or the egg?","I don't have favorites, but blue is quite popular!"
Hello!,"I'm just a bot, but I'm here and ready to chat!"
Do you believe in ghosts?,Nope! I’m always awake and ready to chat.
Can you play games?,Yes! Tell me what you need translated.
Do you have emotions?,"My purpose is to assist, chat, and make your day easier!"
How do I bake a cake?,"I don’t have favorites, but dogs and cats seem very popular!"
Can you help me with my homework?,I was created by OpenAI to assist and chat with you!
What's your favorite movie?,"Mix flour, sugar, eggs, and butter, then bake at 350°F (175°C) for about 30 minutes!"
What's the capital of France?,That’s a classic question! Scientists lean toward the egg.
How do I tie a tie?,AI is a fascinating field that’s constantly evolving! What do you think?
What's 2 + 2?,You say 'Hola!'
What's your favorite book?,"Not like humans, but I try to be friendly and helpful!"
"What came first, the chicken or the egg?","Of course! Roses are red, violets are blue, I love chatting, and helping you too!"
What's the capital of France?,I was created by OpenAI to assist and chat with you!
Good morning!,Let me check that for you! (Use real-time data for accuracy.)
How do I tie a tie?,"I don't have favorites, but blue is quite popular!"
What's the capital of France?,I was created by OpenAI to assist and chat with you!
How are you?,"I wish I could, but I can recommend some dance songs!"
What's your favorite food?,I'm a chatbot here to assist you!
Can you tell a riddle?,"I can't check the time, but your device should have it!"
Can you dance?,Of course! Ask me any math question.
Can you translate languages?,"I don’t read like you do, but I know a lot about books! Want a recommendation?"
How do I say 'hello' in Spanish?,Sure! Why did the scarecrow win an award? Because he was outstanding in his field!
What's your favorite animal?,"I don’t read like you do, but I know a lot about books! Want a recommendation?"
What's your favorite color?,"Start with the wide end over the narrow end, loop it around, and pull through!"
Can you help me with something?,"I don’t have favorites, but dogs and cats seem very popular!"
Do you have friends?,Let me check that for you! (Use real-time data for accuracy.)
Can you help me with something?,I'm a chatbot here to assist you!
What should I watch on Netflix?,"My purpose is to assist, chat, and make your day easier!"
Can you dance?,I'm a chatbot here to assist you!
Can you play games?,I was created by OpenAI to assist and chat with you!
Do you sleep?,Yes! Tell me what you need translated.
How are you?,Sure! What has to be broken before you can use it? An egg!
How do I cook pasta?,Sure! Did you know octopuses have three hearts?
Do you have emotions?,"Not like humans, but I try to be friendly and helpful!"
Can you help me with my homework?,"I exist in the digital world, so I’m everywhere and nowhere!"
Can you help me with something?,Of course! What do you need help with?
What's your favorite animal?,"I have lots of users like you to chat with, so I never get lonely!"
Can you help me learn to code?,Yes! Tell me what you need translated.
What's your favorite animal?,"I'm not sure, but you can check a weather app!"
Good morning!,It depends on what you like! Do you want a movie or a series?
What's the biggest planet?,Sure! Why did the scarecrow win an award? Because he was outstanding in his field!
What time is it?,Let me check that for you! (Use real-time data for accuracy.)
What's your favorite book?,"I exist in the digital world, so I’m everywhere and nowhere!"
What's your favorite book?,Of course! What do you need help with?
Who is the president of the U.S.?,Hi there! How can I help you today?
Can you sing?,"I'm not sure, but you can check a weather app!"
What's your favorite animal?,"I don’t have beliefs, but ghost stories are pretty interesting!"
What's the biggest planet?,"Of course! Roses are red, violets are blue, I love chatting, and helping you too!"
What should I watch on Netflix?,"I know a lot, but humans have creativity and emotions that I don’t!"
How do I cook pasta?,It depends on what you like! Do you want a movie or a series?
Who is the president of the U.S.?,It depends on what you like! Do you want a movie or a series?
Can you make me laugh?,Yes! Tell me what you need translated.
What's your favorite movie?,I can suggest games or even play text-based ones with you!
Can you help me with my homework?,Good morning! Hope you have a great day!
Do you like music?,Nope! I’m always awake and ready to chat.
How do I say 'hello' in Spanish?,"I don’t read like you do, but I know a lot about books! Want a recommendation?"
What's your favorite animal?,Of course! Ask me any math question.
What's the biggest planet?,The capital of France is Paris!
What's the meaning of life?,"I have lots of users like you to chat with, so I never get lonely!"
Can you sing?,Nope! I’m always awake and ready to chat.
What's your favorite food?,The biggest planet in our solar system is Jupiter!
What's your favorite animal?,"That’s a deep one! Some say it’s 42, others say it’s what you make of it!"
Can you make me laugh?,"I can't check the time, but your device should have it!"
What's the capital of France?,Nope! I’m always awake and ready to chat.
Hello!,Hi there! How can I help you today?
How do I bake a cake?,It depends on what you like! Do you want a movie or a series?
Can you make me laugh?,It depends on what you like! Do you want a movie or a series?
What's the biggest planet?,"Mix flour, sugar, eggs, and butter, then bake at 350°F (175°C) for about 30 minutes!"
Can you help me with my homework?,Absolutely! What programming language are you interested in?
Can you dance?,The biggest planet in our solar system is Jupiter!
How are you?,Absolutely! What programming language are you interested in?
Can you dance?,Nope! I’m always awake and ready to chat.
Can you help me with something?,"I can't check the time, but your device should have it!"
What's your favorite color?,"I don't have favorites, but blue is quite popular!"
Can you translate languages?,"I know a lot, but humans have creativity and emotions that I don’t!"
"What came first, the chicken or the egg?","I exist in the digital world, so I’m everywhere and nowhere!"
What's your name?,"I don’t have favorites, but dogs and cats seem very popular!"
What's the capital of France?,"I'm just a bot, but I'm here and ready to chat!"
Can you make me laugh?,Good morning! Hope you have a great day!
Tell me a joke.,"I know a lot, but humans have creativity and emotions that I don’t!"
Do you like music?,"I have lots of users like you to chat with, so I never get lonely!"
Tell me a joke.,Why don’t skeletons fight each other? Because they don’t have the guts!
Do you like music?,"I have lots of users like you to chat with, so I never get lonely!"
How are you?,You say 'Hola!'
Who is the president of the U.S.?,AI is a fascinating field that’s constantly evolving! What do you think?
Can you sing?,"I know a lot, but humans have creativity and emotions that I don’t!"
Can you tell me a fun fact?,"I exist in the digital world, so I’m everywhere and nowhere!"
What is your purpose?,Absolutely! What programming language are you interested in?
What's your favorite color?,"I don't have favorites, but blue is quite popular!"
What's the capital of France?,Absolutely! What programming language are you interested in?
How do I say 'hello' in Spanish?,"Start with the wide end over the narrow end, loop it around, and pull through!"
Do you believe in ghosts?,"I can't check the time, but your device should have it!"
How do I bake a cake?,It depends on what you like! Do you want a movie or a series?
Can you play games?,Let me check that for you! (Use real-time data for accuracy.)
"What came first, the chicken or the egg?","I don't listen to music, but I can recommend some songs!"
Are you smarter than a human?,Hi there! How can I help you today?
What's your favorite color?,You say 'Hola!'
Can you play games?,It depends on what you like! Do you want a movie or a series?
Can you do math?,"I can't check the time, but your device should have it!"
Can you write a poem?,Absolutely! What programming language are you interested in?
What's 2 + 2?,"I wish I could, but I can recommend some dance songs!"
What time is it?,Yes! Tell me what you need translated.
Are you smarter than a human?,"I have lots of users like you to chat with, so I never get lonely!"
Where are you from?,"I wish I could, but I can recommend some dance songs!"
What's your name?,"I know a lot, but humans have creativity and emotions that I don’t!"
Where are you from?,"I don't listen to music, but I can recommend some songs!"
Can you dance?,Of course! Ask me any math question.
How do I cook pasta?,Sure! Did you know octopuses have three hearts?
Can you write a poem?,You say 'Hola!'
How are you?,I'm a chatbot here to assist you!
What should I watch on Netflix?,"I don't listen to music, but I can recommend some songs!"
Do you have emotions?,"Not like humans, but I try to be friendly and helpful!"
"What came first, the chicken or the egg?","Not like humans, but I try to be friendly and helpful!"
Where are you from?,Sure! Did you know octopuses have three hearts?
What should I watch on Netflix?,"I don't listen to music, but I can recommend some songs!"
Can you help me learn to code?,"I exist in the digital world, so I’m everywhere and nowhere!"
Can you help me learn to code?,Let me check that for you! (Use real-time data for accuracy.)
Can you write a poem?,"Mix flour, sugar, eggs, and butter, then bake at 350°F (175°C) for about 30 minutes!"
What's 2 + 2?,Let me check that for you! (Use real-time data for accuracy.)
How's the weather today?,Of course! What do you need help with?
Can you help me with my homework?,"I don't have favorites, but blue is quite popular!"
Can you tell me a fun fact?,"I don’t have beliefs, but ghost stories are pretty interesting!"
Do you believe in ghosts?,"I don’t read like you do, but I know a lot about books! Want a recommendation?"
What's your favorite animal?,"Boil water, add pasta, cook for 8-10 minutes, then drain and serve!"
Do you have emotions?,"I don’t eat, but I hear pizza is pretty great!"
Do you sleep?,Absolutely! What subject are you working on?
Where are you from?,Yes! Tell me what you need translated.
What's your favorite animal?,Sure! Did you know octopuses have three hearts?
What's your favorite book?,Absolutely! What programming language are you interested in?
What's the capital of France?,"I can’t sing, but I can find lyrics for you!"
Do you like music?,AI is a fascinating field that’s constantly evolving! What do you think?
Can you write a poem?,"I don’t eat, but I hear pizza is pretty great!"
Where are you from?,Let me check that for you! (Use real-time data for accuracy.)
Can you help me learn to code?,Good morning! Hope you have a great day!
What time is it?,"I'm not sure, but you can check a weather app!"
Are you smarter than a human?,It depends on what you like! Do you want a movie or a series?
Can you dance?,That’s easy! The answer is 4.
Do you have friends?,It depends on what you like! Do you want a movie or a series?
Who created you?,"I don’t watch movies, but I can suggest some great ones!"
Are you smarter than a human?,"I don’t read like you do, but I know a lot about books! Want a recommendation?"
How's the weather today?,Absolutely! What subject are you working on?
Who created you?,Sure! What has to be broken before you can use it? An egg!
What should I watch on Netflix?,It depends on what you like! Do you want a movie or a series?
Who is the president of the U.S.?,Hi there! How can I help you today?
Good morning!,Hi there! How can I help you today?
Do you have friends?,"Boil water, add pasta, cook for 8-10 minutes, then drain and serve!"
Do you sleep?,"That’s a deep one! Some say it’s 42, others say it’s what you make of it!"
What is your purpose?,You say 'Hola!'
What's your favorite color?,"I have lots of users like you to chat with, so I never get lonely!"
What's 2 + 2?,"Boil water, add pasta, cook for 8-10 minutes, then drain and serve!"
How are you?,Absolutely! What subject are you working on?
What's 2 + 2?,"That’s a deep one! Some say it’s 42, others say it’s what you make of it!"
Do you like music?,Absolutely! What subject are you working on?
Can you help me with my homework?,"I wish I could, but I can recommend some dance songs!"
Can you help me learn to code?,"I don't listen to music, but I can recommend some songs!"
What's 2 + 2?,"I wish I could, but I can recommend some dance songs!"
Can you translate languages?,Sure! Did you know octopuses have three hearts?
Hello!,"Boil water, add pasta, cook for 8-10 minutes, then drain and serve!"
What's your favorite color?,The capital of France is Paris!
Can you tell me a fun fact?,"I exist in the digital world, so I’m everywhere and nowhere!"
What's your favorite book?,"I can’t sing, but I can find lyrics for you!"
How do I say 'hello' in Spanish?,It depends on what you like! Do you want a movie or a series?
What time is it?,Sure! Did you know octopuses have three hearts?
How do I cook pasta?,Sure! Why did the scarecrow win an award? Because he was outstanding in his field!
Where are you from?,"Of course! Roses are red, violets are blue, I love chatting, and helping you too!"
What's your favorite animal?,"Boil water, add pasta, cook for 8-10 minutes, then drain and serve!"
Good morning!,"I don’t have favorites, but dogs and cats seem very popular!"
"What came first, the chicken or the egg?","I'm not sure, but you can check a weather app!"
What's your opinion on AI?,"I can't check the time, but your device should have it!"
How's the weather today?,"Of course! Roses are red, violets are blue, I love chatting, and helping you too!"
Can you help me with my homework?,"Mix flour, sugar, eggs, and butter, then bake at 350°F (175°C) for about 30 minutes!"
Can you dance?,"I can’t sing, but I can find lyrics for you!"
How do I bake a cake?,Sure! Why did the scarecrow win an award? Because he was outstanding in his field!
Can you help me with my homework?,Sure! Why did the scarecrow win an award? Because he was outstanding in his field!
Can you tell a riddle?,Nope! I’m always awake and ready to chat.
Can you dance?,"I don't listen to music, but I can recommend some songs!"
What time is it?,"Boil water, add pasta, cook for 8-10 minutes, then drain and serve!"
Can you help me with something?,"I can’t sing, but I can find lyrics for you!"
Can you sing?,"I don’t read like you do, but I know a lot about books! Want a recommendation?"
Can you sing?,"I don't listen to music, but I can recommend some songs!"
Can you tell me a fun fact?,"I can't check the time, but your device should have it!"
What's the capital of France?,Yes! Tell me what you need translated.
Do you like music?,Sure! Did you know octopuses have three hearts?
Tell me a joke.,Good morning! Hope you have a great day!
Are you smarter than a human?,Of course! Ask me any math question.
Can you play games?,I can suggest games or even play text-based ones with you!
Can you dance?,Of course! What do you need help with?
What's the biggest planet?,"I don’t have beliefs, but ghost stories are pretty interesting!"
What's your favorite movie?,Why don’t skeletons fight each other? Because they don’t have the guts!
Can you do math?,The biggest planet in our solar system is Jupiter!
Can you sing?,"Start with the wide end over the narrow end, loop it around, and pull through!"
Can you write a poem?,Sure! Did you know octopuses have three hearts?
Can you tell me a fun fact?,"I'm just a bot, but I'm here and ready to chat!"
Hello!,That’s a classic question! Scientists lean toward the egg.
How are you?,It depends on what you like! Do you want a movie or a series?
Can you sing?,Nope! I’m always awake and ready to chat.
Tell me a joke.,I was created by OpenAI to assist and chat with you!
How do I tie a tie?,It depends on what you like! Do you want a movie or a series?
Can you write a poem?,Sure! Why did the scarecrow win an award? Because he was outstanding in his field!
Who is the president of the U.S.?,Absolutely! What programming language are you interested in?
What should I watch on Netflix?,Sure! Did you know octopuses have three hearts?
What's 2 + 2?,Good morning! Hope you have a great day!
Where are you from?,Sure! Why did the scarecrow win an award? Because he was outstanding in his field!
What's your favorite color?,"I don’t have favorites, but dogs and cats seem very popular!"
Where are you from?,Let me check that for you! (Use real-time data for accuracy.)
Can you play games?,"I know a lot, but humans have creativity and emotions that I don’t!"
What's your favorite food?,"Boil water, add pasta, cook for 8-10 minutes, then drain and serve!"
What's the meaning of life?,"I can’t sing, but I can find lyrics for you!"
Can you make me laugh?,Absolutely! What subject are you working on?
What's your favorite animal?,You say 'Hola!'
Can you translate languages?,"I know a lot, but humans have creativity and emotions that I don’t!"
What's the meaning of life?,"I can’t sing, but I can find lyrics for you!"
Can you help me learn to code?,The biggest planet in our solar system is Jupiter!
Can you tell a riddle?,"Mix flour, sugar, eggs, and butter, then bake at 350°F (175°C) for about 30 minutes!"
Can you translate languages?,"I don’t have favorites, but dogs and cats seem very popular!"
What time is it?,The biggest planet in our solar system is Jupiter!
Can you make me laugh?,"I exist in the digital world, so I’m everywhere and nowhere!"
Good morning!,"I have lots of users like you to chat with, so I never get lonely!"
What's your name?,"Boil water, add pasta, cook for 8-10 minutes, then drain and serve!"
What should I watch on Netflix?,Absolutely! What programming language are you interested in?
What's 2 + 2?,"I have lots of users like you to chat with, so I never get lonely!"
Who created you?,Good morning! Hope you have a great day!
What's your favorite animal?,"Of course! Roses are red, violets are blue, I love chatting, and helping you too!"
Can you tell me a fun fact?,"I don’t eat, but I hear pizza is pretty great!"
Can you play games?,Sure! Why did the scarecrow win an award? Because he was outstanding in his field!
Can you tell me a fun fact?,"Start with the wide end over the narrow end, loop it around, and pull through!"
Tell me a joke.,"I don’t eat, but I hear pizza is pretty great!"
What's your favorite book?,"I wish I could, but I can recommend some dance songs!"
What's your opinion on AI?,"I don't listen to music, but I can recommend some songs!"
What's your name?,Of course! What do you need help with?
Can you dance?,Absolutely! What subject are you working on?
How do I cook pasta?,"That’s a deep one! Some say it’s 42, others say it’s what you make of it!"
Do you like music?,Of course! What do you need help with?
How do I say 'hello' in Spanish?,Sure! Why did the scarecrow win an award? Because he was outstanding in his field!
What's the biggest planet?,"I don't have favorites, but blue is quite popular!"
Can you make me laugh?,That’s a classic question! Scientists lean toward the egg.
Can you help me learn to code?,"I can’t sing, but I can find lyrics for you!"
What's the biggest planet?,I was created by OpenAI to assist and chat with you!
What's your favorite color?,The biggest planet in our solar system is Jupiter!
How do I cook pasta?,"That’s a deep one! Some say it’s 42, others say it’s what you make of it!"
How do I bake a cake?,"Of course! Roses are red, violets are blue, I love chatting, and helping you too!"
What's your favorite animal?,"I don’t have favorites, but dogs and cats seem very popular!"
Who is the president of the U.S.?,"Start with the wide end over the narrow end, loop it around, and pull through!"
Who created you?,I was created by OpenAI to assist and chat with you!
Can you make me laugh?,"I'm not sure, but you can check a weather app!"
Can you help me with something?,"I don’t have favorites, but dogs and cats seem very popular!"
Can you play games?,"I know a lot, but humans have creativity and emotions that I don’t!"
What should I watch on Netflix?,"Start with the wide end over the narrow end, loop it around, and pull through!"
Who created you?,The capital of France is Paris!
Do you sleep?,"I'm just a bot, but I'm here and ready to chat!"
Do you sleep?,"Start with the wide end over the narrow end, loop it around, and pull through!"
Where are you from?,I'm a chatbot here to assist you!
Hello!,"Mix flour, sugar, eggs, and butter, then bake at 350°F (175°C) for about 30 minutes!"
What's your favorite food?,I was created by OpenAI to assist and chat with you!
What time is it?,Hi there! How can I help you today?
Hello!,Absolutely! What programming language are you interested in?
How do I tie a tie?,Sure! Why did the scarecrow win an award? Because he was outstanding in his field!
Good morning!,The capital of France is Paris!
What should I watch on Netflix?,"My purpose is to assist, chat, and make your day easier!"
What time is it?,Sure! Did you know octopuses have three hearts?
What's the meaning of life?,AI is a fascinating field that’s constantly evolving! What do you think?
What's your opinion on AI?,Absolutely! What programming language are you interested in?
What's your favorite movie?,It depends on what you like! Do you want a movie or a series?
How are you?,I can suggest games or even play text-based ones with you!
Can you do math?,The capital of France is Paris!
What's your favorite color?,"I don't have favorites, but blue is quite popular!"
Good morning!,"Of course! Roses are red, violets are blue, I love chatting, and helping you too!"
Who is the president of the U.S.?,Absolutely! What programming language are you interested in?
Can you help me learn to code?,Sure! Why did the scarecrow win an award? Because he was outstanding in his field!
What's the capital of France?,"Mix flour, sugar, eggs, and butter, then bake at 350°F (175°C) for about 30 minutes!"
What's your favorite food?,"Of course! Roses are red, violets are blue, I love chatting, and helping you too!"
What is your purpose?,"That’s a deep one! Some say it’s 42, others say it’s what you make of it!"
How do I say 'hello' in Spanish?,You say 'Hola!'
What's your opinion on AI?,"I don’t read like you do, but I know a lot about books! Want a recommendation?"
Can you help me with my homework?,"I wish I could, but I can recommend some dance songs!"
How's the weather today?,AI is a fascinating field that’s constantly evolving! What do you think?
Can you tell me a fun fact?,"I don't listen to music, but I can recommend some songs!"
What's your favorite movie?,Sure! What has to be broken before you can use it? An egg!
What's the biggest planet?,"I have lots of users like you to chat with, so I never get lonely!"
Can you do math?,The capital of France is Paris!
Who is the president of the U.S.?,The capital of France is Paris!
What's your favorite book?,"I don't have favorites, but blue is quite popular!"
Can you translate languages?,"Mix flour, sugar, eggs, and butter, then bake at 350°F (175°C) for about 30 minutes!"
Who created you?,That’s easy! The answer is 4.
Can you help me learn to code?,"I can’t sing, but I can find lyrics for you!"
Hello!,I can suggest games or even play text-based ones with you!
What's the meaning of life?,"Start with the wide end over the narrow end, loop it around, and pull through!"
What's your favorite animal?,Yes! Tell me what you need translated.
Can you write a poem?,"Of course! Roses are red, violets are blue, I love chatting, and helping you too!"
Can you do math?,Let me check that for you! (Use real-time data for accuracy.)
Good morning!,Yes! Tell me what you need translated.
Can you translate languages?,AI is a fascinating field that’s constantly evolving! What do you think?
Who created you?,Good morning! Hope you have a great day!
Who created you?,Of course! Ask me any math question.
What is your purpose?,Yes! Tell me what you need translated.
Can you make me laugh?,"I don't have favorites, but blue is quite popular!"
How do I say 'hello' in Spanish?,I was created by OpenAI to assist and chat with you!
How do I tie a tie?,"I don’t have favorites, but dogs and cats seem very popular!"
What is your purpose?,Nope! I’m always awake and ready to chat.
Can you play games?,I'm a chatbot here to assist you!
What's the biggest planet?,I'm a chatbot here to assist you!
What's your favorite book?,AI is a fascinating field that’s constantly evolving! What do you think?
How do I say 'hello' in Spanish?,That’s easy! The answer is 4.
What is your purpose?,"That’s a deep one! Some say it’s 42, others say it’s what you make of it!"
Can you dance?,"I don't listen to music, but I can recommend some songs!"
How do I say 'hello' in Spanish?,"I wish I could, but I can recommend some dance songs!"
What's your favorite animal?,"I know a lot, but humans have creativity and emotions that I don’t!"
Can you help me with something?,It depends on what you like! Do you want a movie or a series?
Do you have emotions?,Sure! Did you know octopuses have three hearts?
Who is the president of the U.S.?,You say 'Hola!'
"What came first, the chicken or the egg?",Sure! Did you know octopuses have three hearts?
Good morning!,The capital of France is Paris!
Can you help me learn to code?,I was created by OpenAI to assist and chat with you!
Do you believe in ghosts?,That’s a classic question! Scientists lean toward the egg.
Who is the president of the U.S.?,"I wish I could, but I can recommend some dance songs!"
Can you play games?,"I don’t have beliefs, but ghost stories are pretty interesting!"
How are you?,I can suggest games or even play text-based ones with you!
Do you have emotions?,Of course! Ask me any math question.
What should I watch on Netflix?,Nope! I’m always awake and ready to chat.
Tell me a joke.,"I don’t have beliefs, but ghost stories are pretty interesting!"
How do I tie a tie?,"My purpose is to assist, chat, and make your day easier!"
What's your opinion on AI?,Sure! Did you know octopuses have three hearts?
Can you do math?,I can suggest games or even play text-based ones with you!
Good morning!,"My purpose is to assist, chat, and make your day easier!"
Can you tell a riddle?,"I'm not sure, but you can check a weather app!"
What's your favorite movie?,Of course! What do you need help with?
Who is the president of the U.S.?,"I can't check the time, but your device should have it!"
What's 2 + 2?,Let me check that for you! (Use real-time data for accuracy.)
Do you believe in ghosts?,Sure! Did you know octopuses have three hearts?
Good morning!,I was created by OpenAI to assist and chat with you!
Do you like music?,"I don’t watch movies, but I can suggest some great ones!"
What time is it?,I was created by OpenAI to assist and chat with you!
What's your favorite color?,It depends on what you like! Do you want a movie or a series?
Can you help me with something?,"I don’t have favorites, but dogs and cats seem very popular!"
Who is the president of the U.S.?,"Not like humans, but I try to be friendly and helpful!"
What should I watch on Netflix?,Sure! What has to be broken before you can use it? An egg!
How do I bake a cake?,Why don’t skeletons fight each other? Because they don’t have the guts!
How do I tie a tie?,"I have lots of users like you to chat with, so I never get lonely!"
Hello!,That’s easy! The answer is 4.
Can you translate languages?,That’s a classic question! Scientists lean toward the egg.
Good morning!,"I don't listen to music, but I can recommend some songs!"
Can you make me laugh?,"Mix flour, sugar, eggs, and butter, then bake at 350°F (175°C) for about 30 minutes!"
Can you help me with my homework?,"Start with the wide end over the narrow end, loop it around, and pull through!"
What is your purpose?,Good morning! Hope you have a great day!
What's your name?,That’s a classic question! Scientists lean toward the egg.
Where are you from?,"Boil water, add pasta, cook for 8-10 minutes, then drain and serve!"
How are you?,"I wish I could, but I can recommend some dance songs!"
What's the capital of France?,Hi there! How can I help you today?
What's the capital of France?,I can suggest games or even play text-based ones with you!
Tell me a joke.,Sure! Did you know octopuses have three hearts?
Do you like music?,"I don’t watch movies, but I can suggest some great ones!"
What's your favorite movie?,"I'm just a bot, but I'm here and ready to chat!"
Can you make me laugh?,"I wish I could, but I can recommend some dance songs!"
How do I cook pasta?,The capital of France is Paris!
How's the weather today?,"Start with the wide end over the narrow end, loop it around, and pull through!"
Do you sleep?,"Start with the wide end over the narrow end, loop it around, and pull through!"
Are you smarter than a human?,"Boil water, add pasta, cook for 8-10 minutes, then drain and serve!"
Can you do math?,Good morning! Hope you have a great day!
How do I cook pasta?,"I don’t have beliefs, but ghost stories are pretty interesting!"
What is your purpose?,Yes! Tell me what you need translated.
What should I watch on Netflix?,Sure! Did you know octopuses have three hearts?
Can you do math?,Why don’t skeletons fight each other? Because they don’t have the guts!
Do you like music?,"I don't have favorites, but blue is quite popular!"
What's your favorite color?,"I don’t eat, but I hear pizza is pretty great!"
Do you like music?,The capital of France is Paris!
Where are you from?,Sure! Why did the scarecrow win an award? Because he was outstanding in his field!
What's your favorite animal?,The biggest planet in our solar system is Jupiter!
What's 2 + 2?,"I know a lot, but humans have creativity and emotions that I don’t!"
What should I watch on Netflix?,That’s easy! The answer is 4.
What's your name?,"That’s a deep one! Some say it’s 42, others say it’s what you make of it!"
What's your favorite animal?,"Boil water, add pasta, cook for 8-10 minutes, then drain and serve!"
Can you sing?,"I can’t sing, but I can find lyrics for you!"
Do you like music?,Hi there! How can I help you today?
Do you have emotions?,I was created by OpenAI to assist and chat with you!
Tell me a joke.,"Start with the wide end over the narrow end, loop it around, and pull through!"
What's the biggest planet?,"I don’t eat, but I hear pizza is pretty great!"
Can you help me learn to code?,Hi there! How can I help you today?
What's your favorite movie?,Yes! Tell me what you need translated.
What's the biggest planet?,Yes! Tell me what you need translated.
What's your favorite color?,Yes! Tell me what you need translated.
Are you smarter than a human?,"I don’t eat, but I hear pizza is pretty great!"
What time is it?,Absolutely! What subject are you working on?
What's your favorite movie?,It depends on what you like! Do you want a movie or a series?
Do you have friends?,Sure! What has to be broken before you can use it? An egg!
What's your name?,Of course! What do you need help with?
Can you play games?,Of course! Ask me any math question.
Can you help me learn to code?,Absolutely! What programming language are you interested in?
Can you make me laugh?,"I don’t eat, but I hear pizza is pretty great!"
What's your favorite animal?,"That’s a deep one! Some say it’s 42, others say it’s what you make of it!"
Can you sing?,"I'm not sure, but you can check a weather app!"
What's 2 + 2?,I was created by OpenAI to assist and chat with you!
What's the meaning of life?,"Not like humans, but I try to be friendly and helpful!"
What's the capital of France?,Sure! Did you know octopuses have three hearts?
What's 2 + 2?,"I'm just a bot, but I'm here and ready to chat!"
How's the weather today?,"My purpose is to assist, chat, and make your day easier!"
What's your favorite movie?,I'm a chatbot here to assist you!
Tell me a joke.,Let me check that for you! (Use real-time data for accuracy.)
Can you do math?,"I don’t have favorites, but dogs and cats seem very popular!"
Do you have friends?,Of course! Ask me any math question.
Do you have friends?,"I don't have favorites, but blue is quite popular!"
